filename,report_id,fy,era,path,url,sha256,bytes,fetched_at,status
FlashReport_July_2026.pdf,1322,2026-27,paimana,Content/ArchiveReport/flash/2026-27/FlashReport_July_2026.pdf,https://paimana-proj.mospi.gov.in/ReportPage/ViewPdf?id=1322&path=Content/ArchiveReport/flash/2026-27/FlashReport_July_2026.pdf,dcf52cea3b2ed6f97a49739af833f877c2afb55f61d5c43cb162f97ef6f3a9f3,6451056,2026-09-16T12:39:14+0530,downloaded
FlashReport_June_2026.pdf,1321,2026-27,paimana,Content/ArchiveReport/flash/2026-27/FlashReport_June_2026.pdf,https://paimana-proj.mospi.gov.in/ReportPage/ViewPdf?id=1321&path=Content/ArchiveReport/flash/2026-27/FlashReport_June_2026.pdf,d26872ac9336b451d311e823646560d29d8a6c2fbc9fdca9fd78fc22fd08ca15,6540236,2026-09-16T12:39:47+0530,downloaded
FlashReport_May2026.pdf,1320,2026-27,paimana,Content/ArchiveReport/flash/2026-27/FlashReport_May2026.pdf,https://paimana-proj.mospi.gov.in/ReportPage/ViewPdf?id=1320&path=Content/ArchiveReport/flash/2026-27/FlashReport_May2026.pdf,480d98632cd1b1d4fe70b58a5a753924b2735b0135e7c8507c1ec05ff2ddf005,3217996,2026-09-16T12:39:59+0530,downloaded
FlashReport_April2026.pdf,1318,2026-27,paimana,Content/ArchiveReport/flash/2026-27/FlashReport_April2026.pdf,https://paimana-proj.mospi.gov.in/ReportPage/ViewPdf?id=1318&path=Content/ArchiveReport/flash/2026-27/FlashReport_April2026.pdf,90a6959e976da6928440efdea9c68847d1178356e4c0ebd078c51026ddb118d5,3215216,2026-09-16T12:40:12+0530,downloaded
FlashReport_March_2026.pdf,1317,2025-26,paimana,Content/ArchiveReport/flash/2025-26/FlashReport_March_2026.pdf,https://paimana-proj.mospi.gov.in/ReportPage/ViewPdf?id=1317&path=Content/ArchiveReport/flash/2025-26/FlashReport_March_2026.pdf,e10411522bbc6caec5f3ef143c8399ad71221ac232e19410c1dfe87eb5c90253,6827436,2026-09-16T12:54:46+0530,downloaded
FlashReport_February_2026.pdf,1316,2025-26,paimana,Content/ArchiveReport/flash/2025-26/FlashReport_February_2026.pdf,https://paimana-proj.mospi.gov.in/ReportPage/ViewPdf?id=1316&path=Content/ArchiveReport/flash/2025-26/FlashReport_February_2026.pdf,f29010c2d69ca185c8f36e6d8539d460b4ebe81753994dd21fbe63e057817df9,6738453,2026-09-16T12:55:16+0530,downloaded
FlashReport_January_2026.pdf,1315,2025-26,paimana,Content/ArchiveReport/flash/2025-26/FlashReport_January_2026.pdf,https://paimana-proj.mospi.gov.in/ReportPage/ViewPdf?id=1315&path=Content/ArchiveReport/flash/2025-26/FlashReport_January_2026.pdf,9c043ad4a0acb01dd6f00fe2dbca60f812ffa981daa5143b24f7c5ec37f64c83,6544662,2026-09-16T12:55:29+0530,downloaded
FlashReport_December_2025.pdf,1314,2025-26,paimana,Content/ArchiveReport/flash/2025-26/FlashReport_December_2025.pdf,https://paimana-proj.mospi.gov.in/ReportPage/ViewPdf?id=1314&path=Content/ArchiveReport/flash/2025-26/FlashReport_December_2025.pdf,07f56e5457c63192ae7b5b4036f975f7eb058a3364a25a87cdc6ce2369082401,6398361,2026-09-16T12:55:46+0530,downloaded
FlashReport_November_2025.pdf,1312,2025-26,paimana,Content/ArchiveReport/flash/2025-26/FlashReport_November_2025.pdf,https://paimana-proj.mospi.gov.in/ReportPage/ViewPdf?id=1312&path=Content/ArchiveReport/flash/2025-26/FlashReport_November_2025.pdf,db9e2eff8a2ecc21285280fd85dfbb4df9ef99cbda74987ccd4a3edcbff28eb9,5845019,2026-09-16T12:56:06+0530,downloaded
FlashReport_October_2025.pdf,1311,2025-26,paimana,Content/ArchiveReport/flash/2025-26/FlashReport_October_2025.pdf,https://paimana-proj.mospi.gov.in/ReportPage/ViewPdf?id=1311&path=Content/ArchiveReport/flash/2025-26/FlashReport_October_2025.pdf,4817bb54e983b63233e4538fb2e7adf80c6204a2a976021a71d126e9003edbc3,5928547,2026-09-16T12:56:25+0530,downloaded
FlashReport_September_2025.pdf,1159,2025-26,paimana,Content/ArchiveReport/flash/2025-26/FlashReport_September_2025.pdf,https://paimana-proj.mospi.gov.in/ReportPage/ViewPdf?id=1159&path=Content/ArchiveReport/flash/2025-26/FlashReport_September_2025.pdf,520f100f2752c07c7d8e1180cce2258a6966d21b6e37fcbecca0b098835ef318,6007329,2026-09-16T12:56:53+0530,downloaded
FlashReport_August_2025.pdf,1158,2025-26,paimana,Content/ArchiveReport/flash/2025-26/FlashReport_August_2025.pdf,https://paimana-proj.mospi.gov.in/ReportPage/ViewPdf?id=1158&path=Content/ArchiveReport/flash/2025-26/FlashReport_August_2025.pdf,7b28c68ca1fd697f2856fa4b5c79b5c26fa6e8f0be4d0897cc105958e01bf2c8,5791675,2026-09-16T12:57:19+0530,downloaded
FlashReport_July_2025.pdf,1157,2025-26,paimana,Content/ArchiveReport/flash/2025-26/FlashReport_July_2025.pdf,https://paimana-proj.mospi.gov.in/ReportPage/ViewPdf?id=1157&path=Content/ArchiveReport/flash/2025-26/FlashReport_July_2025.pdf,1064c963c8afacf903ad9cc876fa3615c4b4b28ccdae920a8ff392af37111508,5823487,2026-09-16T12:57:46+0530,downloaded
FR_JUNE_2025.pdf,1155,2025-26,paimana,Content/ArchiveReport/flash/2025-26/FR_JUNE_2025.pdf,https://paimana-proj.mospi.gov.in/ReportPage/ViewPdf?id=1155&path=Content/ArchiveReport/flash/2025-26/FR_JUNE_2025.pdf,7f37c63abe9f92d8db6513ad68d91b5c172c9c27454f45691f53fff7ebb2a754,14003041,2026-09-16T12:58:59+0530,downloaded
FR_May2025.pdf,1153,2025-26,paimana,Content/ArchiveReport/flash/2025-26/FR_May2025.pdf,https://paimana-proj.mospi.gov.in/ReportPage/ViewPdf?id=1153&path=Content/ArchiveReport/flash/2025-26/FR_May2025.pdf,1326fc47d272e8f2225db45645bd1dd4eacee1ab4a15bff8a1f6edfc70b45171,9995553,2026-09-16T12:59:57+0530,downloaded
FRApril2025.pdf,1151,2025-26,paimana,Content/ArchiveReport/flash/2025-26/FRApril2025.pdf,https://paimana-proj.mospi.gov.in/ReportPage/ViewPdf?id=1151&path=Content/ArchiveReport/flash/2025-26/FRApril2025.pdf,58049244170b9d8c0588ccf660e79e7b56bfc7e60a333f784e6e08392cf81eef,10264807,2026-09-16T13:01:01+0530,downloaded
FRMarch2025.pdf,1150,2024-25,ocms,Content/ArchiveReport/flash/2024-25/FRMarch2025.pdf,https://paimana-proj.mospi.gov.in/ReportPage/ViewPdf?id=1150&path=Content/ArchiveReport/flash/2024-25/FRMarch2025.pdf,2766338305d6f68969d1d371e99cca1290d3d39dd083c9b6788d91b4499de41b,12129235,2026-09-16T13:02:20+0530,downloaded
January.pdf,75,2024-25,ocms,Content/ArchiveReport/flash/2024-25/January.pdf,https://paimana-proj.mospi.gov.in/ReportPage/ViewPdf?id=75&path=Content/ArchiveReport/flash/2024-25/January.pdf,3ba881decfb846c33c0378399a7d4f2a03c60ce58cb449c1f654851facf9bfce,2804389,2026-09-16T13:03:05+0530,downloaded
December.pdf,74,2024-25,ocms,Content/ArchiveReport/flash/2024-25/December.pdf,https://paimana-proj.mospi.gov.in/ReportPage/ViewPdf?id=74&path=Content/ArchiveReport/flash/2024-25/December.pdf,b2be571bfe46f7d9bba8fd2281b481d2c3bf8b3672365182eb708f89c72a6e1d,2313092,2026-09-16T13:03:19+0530,downloaded
November.pdf,73,2024-25,ocms,Content/ArchiveReport/flash/2024-25/November.pdf,https://paimana-proj.mospi.gov.in/ReportPage/ViewPdf?id=73&path=Content/ArchiveReport/flash/2024-25/November.pdf,7f27651b6b54da7c20069f5a26d67e145ee935e50a78fcfe5d6980c3cd700e31,1985755,2026-09-16T13:03:32+0530,downloaded
October.pdf,72,2024-25,ocms,Content/ArchiveReport/flash/2024-25/October.pdf,https://paimana-proj.mospi.gov.in/ReportPage/ViewPdf?id=72&path=Content/ArchiveReport/flash/2024-25/October.pdf,2f4a0d3a695aa8af173137118dc54331907f174d1a949e39a3cb2a2c4d392a16,2021952,2026-09-16T13:03:43+0530,downloaded
September_Part-1(synopsis).pdf,70,2024-25,ocms,Content/ArchiveReport/flash/2024-25/September_Part-1(synopsis).pdf,https://paimana-proj.mospi.gov.in/ReportPage/ViewPdf?id=70&path=Content/ArchiveReport/flash/2024-25/September_Part-1(synopsis).pdf,9dd3f9a4887c03c768a8d18fab673e1723e8234ca54a9f971033fe380e5fc0e1,782330,2026-09-16T13:03:54+0530,downloaded
September_Part-2(List_of_tables).pdf,71,2024-25,ocms,Content/ArchiveReport/flash/2024-25/September_Part-2(List_of_tables).pdf,https://paimana-proj.mospi.gov.in/ReportPage/ViewPdf?id=71&path=Content/ArchiveReport/flash/2024-25/September_Part-2(List_of_tables).pdf,1492d7093a9012c91faccd0d59fdc3602e05559428324c38adc7de8550019d71,1725122,2026-09-16T13:04:03+0530,downloaded
August_Part-1(synopsis).pdf,68,2024-25,ocms,Content/ArchiveReport/flash/2024-25/August_Part-1(synopsis).pdf,https://paimana-proj.mospi.gov.in/ReportPage/ViewPdf?id=68&path=Content/ArchiveReport/flash/2024-25/August_Part-1(synopsis).pdf,215949de4d67ac0626c59b709387b1eb157680c8503a520d054d4b2ac86e0ea2,433458,2026-09-16T13:04:15+0530,downloaded
August_Part-2(List_of_tables).pdf,69,2024-25,ocms,Content/ArchiveReport/flash/2024-25/August_Part-2(List_of_tables).pdf,https://paimana-proj.mospi.gov.in/ReportPage/ViewPdf?id=69&path=Content/ArchiveReport/flash/2024-25/August_Part-2(List_of_tables).pdf,6657ccb025acd1cc9b55ac415a61106db730b27994d7421d1163ffcf5e6e46e9,977057,2026-09-16T13:04:25+0530,downloaded
July_Part-I.pdf,66,2024-25,ocms,Content/ArchiveReport/flash/2024-25/July_Part-I.pdf,https://paimana-proj.mospi.gov.in/ReportPage/ViewPdf?id=66&path=Content/ArchiveReport/flash/2024-25/July_Part-I.pdf,ab99273ced0337d8480ad9bcfa087df4a088b64c8e273b2f95b6d1473e0ba150,347228,2026-09-16T13:04:32+0530,downloaded
July_Part-II.pdf,67,2024-25,ocms,Content/ArchiveReport/flash/2024-25/July_Part-II.pdf,https://paimana-proj.mospi.gov.in/ReportPage/ViewPdf?id=67&path=Content/ArchiveReport/flash/2024-25/July_Part-II.pdf,20eba591ed463174d35f72f10f3e66e435d4aeb2e4c48f26a15d6c565f607d4d,1043382,2026-09-16T13:04:42+0530,downloaded
June.pdf,65,2024-25,ocms,Content/ArchiveReport/flash/2024-25/June.pdf,https://paimana-proj.mospi.gov.in/ReportPage/ViewPdf?id=65&path=Content/ArchiveReport/flash/2024-25/June.pdf,7823bd3479b62d31f024c6add12100d4a91855ce8e6b738029a47336567a94c9,1096309,2026-09-16T14:52:47+0530,downloaded
May_Part-1.pdf,63,2024-25,ocms,Content/ArchiveReport/flash/2024-25/May_Part-1.pdf,https://paimana-proj.mospi.gov.in/ReportPage/ViewPdf?id=63&path=Content/ArchiveReport/flash/2024-25/May_Part-1.pdf,3db1c6f6b822b9dc6d61f0a22439ad5fbb84f22323aeea759332a502e9eca19d,606548,2026-09-16T14:52:52+0530,downloaded
May_Part-2.pdf,64,2024-25,ocms,Content/ArchiveReport/flash/2024-25/May_Part-2.pdf,https://paimana-proj.mospi.gov.in/ReportPage/ViewPdf?id=64&path=Content/ArchiveReport/flash/2024-25/May_Part-2.pdf,452ffc16c8bf952e1c721adbf137251898a1566b6a4dcd9be8fc1b8e34a08bf5,4938717,2026-09-16T14:53:13+0530,downloaded
April_Part-I_Synopsis.pdf,61,2024-25,ocms,Content/ArchiveReport/flash/2024-25/April_Part-I_Synopsis.pdf,https://paimana-proj.mospi.gov.in/ReportPage/ViewPdf?id=61&path=Content/ArchiveReport/flash/2024-25/April_Part-I_Synopsis.pdf,23dc7c3408c54c687f74e3ef7d0fdcb31f44000ccadbe9315cef86351fb84081,464203,2026-09-16T14:53:17+0530,downloaded
April_Part-II_List_of_tables.pdf,62,2024-25,ocms,Content/ArchiveReport/flash/2024-25/April_Part-II_List_of_tables.pdf,https://paimana-proj.mospi.gov.in/ReportPage/ViewPdf?id=62&path=Content/ArchiveReport/flash/2024-25/April_Part-II_List_of_tables.pdf,1f3d75d76656d59646cf62ad2938ea4b0edb170b431b5f39cee6d44bde65daad,4719330,2026-09-16T14:53:30+0530,downloaded
